Filename,File Size,Format,Dimensions,Mode,Final Score,Status,LSB Score,Basic Score,Chi-Square Score,Pixel Diff Score
demo_comprehensive.png,300,PNG,100x100,RGB,76.24,HIGH,38.73067948998802,90.00000000000001,5.947743696623732,100
demo_heatmap.png,305,PNG,100x100,RGB,41.74,LOW,30.0,89.83333333333333,5.947743696623732,5.389702115042063
test_blue.jpg,1151,JPEG,200x150,RGB,39.07,LOW,30.0,87.21111111111111,0.0,0.0
test_gray.bmp,3678,BMP,50x50,L,43.33,LOW,30.0,100,0.0,0.0
test_red.png,286,PNG,100x100,RGB,55.46,HIGH,75.91479170272447,90.46666666666667,0.0,0.0
test_transparent.png,250,PNG,80x80,RGBA,53.6,HIGH,70.56390622295663,90.234375,0.0,0.0
